doc_id,hotel_name,hotel_url,street,city,state,country,zip,class,price,num_reviews,CLEANLINESS,ROOM,SERVICE,LOCATION,VALUE,COMFORT,overall_ratingsource
usa_new york city_3_west_club,3 west club,http://www.tripadvisor.com/ShowUserReviews-g60763-d217629-r25230531-3_West_Club-New_York_City_New_York.html,3 west 51st st,new york city,ny,USA,10019,-1,-1,8,4.428571429,4.428571429,4.428571429,5,4.714285714,0,4.6
usa_new york city_414_hotel,414 hotel,http://www.tripadvisor.com/ShowUserReviews-g60763-d217630-r47910069-414_Hotel-New_York_City_New_York.html,414 w 46th st,new york city,ny,USA,10036,-1,-1,187,4.073170732,3.987804878,3.914634146,4.646341463,4.268292683,0,4.17804878
usa_new york city_6_columbus,6 columbus,http://www.tripadvisor.com/ShowUserReviews-g60763-d93383-r50300967-6_Columbus-New_York_City_New_York.html,6 columbus circle,new york city,ny,USA,10019,-1,-1,125,4.371428571,3.838095238,4.276190476,4.742857143,4.028571429,0,4.251428571
usa_new york city_60_thompson,60 thompson,http://www.tripadvisor.com/ShowUserReviews-g60763-d93398-r50102862-60_Thompson-New_York_City_New_York.html,60 thompson street,new york city,ny,USA,10012,-1,-1,168,4.219512195,3.634146341,3.975609756,4.634146341,3.37804878,0,3.968292683
usa_new york city_70_park_avenue_hotel_a_kimpton_hotel,70 park avenue hotel a kimpton hotel,http://www.tripadvisor.com/ShowUserReviews-g60763-d93430-r50529135-70_park_avenue_hotel_a_Kimpton_Hotel-New_York_City_New_York.html,70 park avenue,new york city,ny,USA,10016,-1,-1,273,4.335078534,3.916230366,4.209424084,4.486910995,3.890052356,0,4.167539267
usa_new york city_ace_hotel_nyc,ace hotel nyc,http://www.tripadvisor.com/ShowUserReviews-g60763-d1201072-r50358384-Ace_Hotel_NYC-New_York_City_New_York.html,20 west 29th street,new york city,ny,USA,10001,-1,-1,53,4.306122449,4.020408163,4.183673469,3.959183673,4.06122449,0,4.106122449
usa_new york city_affinia_50,affinia 50,http://www.tripadvisor.com/ShowUserReviews-g60763-d502408-r50125834-Affinia_50-New_York_City_New_York.html,155 east 50th street,new york city,ny,USA,10022,-1,-1,336,4.418604651,4.358803987,4.511627907,4.624584718,4.289036545,0,4.440531561
usa_new york city_affinia_dumont,affinia dumont,http://www.tripadvisor.com/ShowUserReviews-g60763-d292142-r50363398-Affinia_Dumont-New_York_City_New_York.html,150 east 34th street,new york city,ny,USA,10016,-1,-1,345,4.485049834,4.485049834,4.411960133,4.647840532,4.352159468,0,4.47641196
usa_new york city_affinia_gardens,affinia gardens,http://www.tripadvisor.com/ShowUserReviews-g60763-d93467-r50436578-Affinia_Gardens-New_York_City_New_York.html,215 east 64th street,new york city,ny,USA,10021,-1,-1,209,4.551282051,4.506410256,4.544871795,4.608974359,4.333333333,0,4.508974359
usa_new york city_affinia_manhattan,affinia manhattan,http://www.tripadvisor.com/ShowUserReviews-g60763-d93562-r50531357-Affinia_Manhattan-New_York_City_New_York.html,371 seventh ave,new york city,ny,USA,10001,-1,-1,328,4.126245847,3.920265781,4.196013289,4.677740864,4.006644518,0,4.18538206
usa_new york city_affinia_shelburne,affinia shelburne,http://www.tripadvisor.com/ShowUserReviews-g60763-d93543-r50477723-Affinia_Shelburne-New_York_City_New_York.html,303 lexington avenue,new york city,ny,USA,10016,-1,-1,485,4.315614618,4.162790698,4.086378738,4.408637874,4.172757475,0,4.22923588
usa_new york city_aka_united_nations,aka united nations,http://www.tripadvisor.com/ShowUserReviews-g60763-d502407-r44037547-AKA_United_Nations-New_York_City_New_York.html,234 east 46th street,new york city,ny,USA,10017,-1,-1,7,4.2,4.6,4.2,4.4,4,0,4.28
usa_new york city_algonquin_hotel,algonquin hotel,http://www.tripadvisor.com/ShowUserReviews-g60763-d93568-r50276096-Algonquin_Hotel-New_York_City_New_York.html,59 w 44th st,new york city,ny,USA,10036,-1,-1,317,4.209039548,3.593220339,3.898305085,4.598870056,3.661016949,0,3.992090395
usa_new york city_americana_inn,americana inn,http://www.tripadvisor.com/ShowUserReviews-g60763-d121981-r48595270-Americana_Inn-New_York_City_New_York.html,69 west 38th street,new york city,ny,USA,10018,-1,-1,242,3.913385827,3.299212598,3.62992126,4.669291339,3.952755906,0,3.892913386
usa_new york city_amsterdam_court_hotel,amsterdam court hotel,http://www.tripadvisor.com/ShowUserReviews-g60763-d80075-r49797765-Amsterdam_Court_Hotel-New_York_City_New_York.html,226 west 50th street,new york city,ny,USA,10019,-1,-1,334,3.423312883,2.773006135,3.208588957,4.515337423,3.257668712,0,3.435582822
usa_new york city_astor_on_the_park,astor on the park,http://www.tripadvisor.com/ShowUserReviews-g60763-d99443-r50159076-Astor_on_the_Park-New_York_City_New_York.html,465 central park west,new york city,ny,USA,10025,-1,-1,343,3.840182648,3.01369863,3.383561644,3.315068493,3.547945205,0,3.420091324
usa_new york city_bedford_hotel,bedford hotel,http://www.tripadvisor.com/ShowUserReviews-g60763-d93403-r49326231-Bedford_Hotel-New_York_City_New_York.html,118 east 40th street,new york city,ny,USA,10016,-1,-1,231,3.810810811,3.63963964,3.765765766,4.63963964,3.846846847,0,3.940540541
usa_new york city_beekman_tower_hotel,beekman tower hotel,http://www.tripadvisor.com/ShowUserReviews-g60763-d113297-r50528765-Beekman_Tower_Hotel-New_York_City_New_York.html,3 mitchell place,new york city,ny,USA,10017,-1,-1,259,3.513157895,3.368421053,3.618421053,3.861842105,3.664473684,0,3.605263158
usa_new york city_belleclaire_hotel,belleclaire hotel,http://www.tripadvisor.com/ShowUserReviews-g60763-d93390-r49873102-Belleclaire_Hotel-New_York_City_New_York.html,250 west 77th street,new york city,ny,USA,10024,-1,-1,481,4.039007092,3.726950355,3.879432624,4.343971631,3.985815603,0,3.995035461
usa_new york city_bentley_hotel,bentley hotel,http://www.tripadvisor.com/ShowUserReviews-g60763-d99302-r50270728-Bentley_Hotel-New_York_City_New_York.html,500 east 62nd street,new york city,ny,USA,10021,-1,-1,393,4.178082192,3.881278539,3.780821918,3.447488584,3.835616438,0,3.824657534
usa_new york city_best_western_bowery_hanbee_hotel,best western bowery hanbee hotel,http://www.tripadvisor.com/ShowUserReviews-g60763-d1060157-r50535684-Best_Western_Bowery_Hanbee_Hotel-New_York_City_New_York.html,231 grand street,new york city,ny,USA,10013-4246,-1,-1,106,4.659793814,4.402061856,4.309278351,4.391752577,4.546391753,0,4.46185567
usa_new york city_best_western_convention_center_hotel,best western convention center hotel,http://www.tripadvisor.com/ShowUserReviews-g60763-d235228-r50446381-Best_Western_Convention_Center_Hotel-New_York_City_New_York.html,522 west 38th street,new york city,ny,USA,10018,-1,-1,119,3.706666667,2.973333333,3.373333333,2.72,3.253333333,0,3.205333333
usa_new york city_best_western_hospitality_house,best western hospitality house,http://www.tripadvisor.com/ShowUserReviews-g60763-d80087-r49603419-Best_Western_Hospitality_House-New_York_City_New_York.html,145 east 49th street,new york city,ny,USA,10017,-1,-1,172,4.163461538,4.307692308,4.153846154,4.644230769,4.375,0,4.328846154
usa_new york city_best_western_seaport_inn_downtown,best western seaport inn downtown,http://www.tripadvisor.com/ShowUserReviews-g60763-d75698-r47997956-Best_Western_Seaport_Inn_Downtown-New_York_City_New_York.html,33 peck slip,new york city,ny,USA,10038-1708,-1,-1,73,3.923076923,3.743589744,3.538461538,4.333333333,3.974358974,0,3.902564103
usa_new york city_blue_moon_hotel,blue moon hotel,http://www.tripadvisor.com/ShowUserReviews-g60763-d601762-r50327995-Blue_Moon_Hotel-New_York_City_New_York.html,100 orchard st,new york city,ny,USA,10002,-1,-1,178,4.662162162,4.547297297,4.641891892,4.425675676,4.209459459,0,4.497297297
usa_new york city_broadway_plaza_hotel,broadway plaza hotel,http://www.tripadvisor.com/ShowUserReviews-g60763-d223019-r50271736-Broadway_Plaza_Hotel-New_York_City_New_York.html,1155 broadway,new york city,ny,USA,10001,-1,-1,261,4.215384615,4,3.961538462,3.776923077,4.015384615,0,3.993846154
usa_new york city_buckingham_hotel,buckingham hotel,http://www.tripadvisor.com/ShowUserReviews-g60763-d234762-r50495294-Buckingham_Hotel-New_York_City_New_York.html,101 w 57th st at 6th ave,new york city,ny,USA,10019,-1,-1,181,3.72815534,3.54368932,3.72815534,4.611650485,3.737864078,0,3.869902913
usa_new york city_candlewood_suites_new_york_city_times_square,candlewood suites new york city times square,http://www.tripadvisor.com/ShowUserReviews-g60763-d1025779-r50541229-Candlewood_Suites_New_York_City_Times_Square-New_York_City_New_York.html,339 w. 39th street,new york city,ny,USA,10018,-1,-1,20,3.882352941,3.588235294,3.058823529,3.588235294,3.705882353,0,3.564705882
usa_new york city_carlton_arms,carlton arms,http://www.tripadvisor.com/ShowUserReviews-g60763-d112017-r49319192-Carlton_Arms-New_York_City_New_York.html,160 east 25th street,new york city,ny,USA,10010,-1,-1,113,3.333333333,3.126984127,3.396825397,4.253968254,4.079365079,0,3.638095238
usa_new york city_carvi_hotel_new_york,carvi hotel new york,http://www.tripadvisor.com/ShowUserReviews-g60763-d1235341-r49878430-Carvi_Hotel_New_York-New_York_City_New_York.html,155 east 55th street,new york city,ny,USA,10022,-1,-1,10,4.625,4.25,4,4.375,4,0,4.25
usa_new york city_casablanca_hotel,casablanca hotel,http://www.tripadvisor.com/ShowUserReviews-g60763-d113317-r50468901-Casablanca_Hotel-New_York_City_New_York.html,147 west 43rd street,new york city,ny,USA,10036,-1,-1,330,4.734219269,4.215946844,4.76744186,4.840531561,4.382059801,0,4.588039867
usa_new york city_chambers_hotel,chambers hotel,http://www.tripadvisor.com/ShowUserReviews-g60763-d157057-r47752233-Chambers_Hotel-New_York_City_New_York.html,15 w 56th st,new york city,ny,USA,10019,-1,-1,54,4.192307692,3.846153846,4,4.884615385,3.576923077,0,4.1
usa_new york city_chelsea_lodge,chelsea lodge,http://www.tripadvisor.com/ShowUserReviews-g60763-d80083-r50513844-Chelsea_Lodge-New_York_City_New_York.html,318 west 20th street,new york city,ny,USA,10011,-1,-1,266,4.494186047,3.848837209,3.912790698,4.651162791,4.569767442,0,4.295348837
usa_new york city_chelsea_pines_inn,chelsea pines inn,http://www.tripadvisor.com/ShowUserReviews-g60763-d122020-r50375963-Chelsea_Pines_Inn-New_York_City_New_York.html,317 west 14th street,new york city,ny,USA,10014,-1,-1,205,4.447204969,4.167701863,4.546583851,4.850931677,4.366459627,0,4.475776398
usa_new york city_chelsea_savoy_hotel,chelsea savoy hotel,http://www.tripadvisor.com/ShowUserReviews-g60763-d112019-r48896993-Chelsea_Savoy_Hotel-New_York_City_New_York.html,204 west 23rd street,new york city,ny,USA,10011,-1,-1,92,4.125,3.803571429,3.714285714,4.625,3.928571429,0,4.039285714
usa_new york city_city_club_hotel,city club hotel,http://www.tripadvisor.com/ShowUserReviews-g60763-d224226-r50303404-City_Club_Hotel-New_York_City_New_York.html,55 west 44th street,new york city,ny,USA,10036,-1,-1,113,4.448275862,3.689655172,3.896551724,4.586206897,3.465517241,0,4.017241379
usa_new york city_clarion_collection_the_solita_soho_hotel,clarion collection the solita soho hotel,http://www.tripadvisor.com/ShowUserReviews-g60763-d488793-r46259993-Clarion_Collection_The_Solita_Soho_Hotel-New_York_City_New_York.html,159 grand street,new york city,ny,USA,10013,-1,-1,98,4.157894737,3.649122807,3.754385965,4.438596491,3.754385965,0,3.950877193
usa_new york city_club_quarters_downtown,club quarters downtown,http://www.tripadvisor.com/ShowUserReviews-g60763-d217623-r49376923-Club_Quarters_Downtown-New_York_City_New_York.html,52 william street,new york city,ny,USA,10005,-1,-1,184,4.278688525,3.868852459,3.803278689,4.016393443,4.057377049,0,4.004918033
usa_new york city_club_quarters_midtown,club quarters midtown,http://www.tripadvisor.com/ShowUserReviews-g60763-d223021-r50546840-Club_Quarters_Midtown-New_York_City_New_York.html,40 west 45th street,new york city,ny,USA,10036,-1,-1,155,3.868131868,3.340659341,3.175824176,4.571428571,3.56043956,0,3.703296703
usa_new york city_club_quarters_rockefeller_center,club quarters rockefeller center,http://www.tripadvisor.com/ShowUserReviews-g60763-d607712-r50253901-Club_Quarters_Rockefeller_Center-New_York_City_New_York.html,25 west 51st street,new york city,ny,USA,10019,-1,-1,98,4.466666667,4,3.933333333,4.813333333,4.12,0,4.266666667
usa_new york city_comfort_inn_chelsea,comfort inn chelsea,http://www.tripadvisor.com/ShowUserReviews-g60763-d93401-r49828650-Comfort_Inn_Chelsea-New_York_City_New_York.html,18 west 25th street,new york city,ny,USA,10010,-1,-1,154,4.101694915,3.661016949,3.661016949,4.237288136,3.915254237,0,3.915254237
usa_new york city_comfort_inn_manhattan,comfort inn manhattan,http://www.tripadvisor.com/ShowUserReviews-g60763-d121996-r50368802-Comfort_Inn_Manhattan-New_York_City_New_York.html,42 west 35th street,new york city,ny,USA,10001-2201,-1,-1,303,3.666666667,3.406666667,3.76,4.7,3.806666667,0,3.868
usa_new york city_comfort_inn_manhattan_bridge,comfort inn manhattan bridge,http://www.tripadvisor.com/ShowUserReviews-g60763-d1383001-r50289829-Comfort_Inn_Manhattan_Bridge-New_York_City_New_York.html,61-63 chrystie street,new york city,ny,USA,10013,-1,-1,21,4.5,3.95,3.6,3.8,4.6,0,4.09
usa_new york city_comfort_inn_midtown,comfort inn midtown,http://www.tripadvisor.com/ShowUserReviews-g60763-d112021-r50432100-Comfort_Inn_Midtown-New_York_City_New_York.html,129 west 46th street,new york city,ny,USA,10036,-1,-1,494,4.484304933,4.094170404,4.34529148,4.860986547,4.408071749,0,4.438565022
usa_new york city_comfort_inn_midtown_manhattan,comfort inn midtown manhattan,http://www.tripadvisor.com/ShowUserReviews-g60763-d1485603-r49212528-Comfort_Inn_Midtown_Manhattan-New_York_City_New_York.html,343 44th street,new york city,ny,USA,10036,-1,-1,18,4.666666667,4,4.5,4.777777778,4.444444444,0,4.477777778
usa_new york city_comfort_inn_midtown_west_convention_center,comfort inn midtown west convention center,http://www.tripadvisor.com/ShowUserReviews-g60763-d596200-r47062024-Comfort_Inn_Midtown_West_Convention_Center-New_York_City_New_York.html,442 w 36th st,new york city,ny,USA,10018,-1,-1,81,3.64516129,3.35483871,3.612903226,3.935483871,3.709677419,0,3.651612903
usa_new york city_comfort_inn_times_square,comfort inn times square,http://www.tripadvisor.com/ShowUserReviews-g60763-d673077-r50283447-Comfort_Inn_Times_Square-New_York_City_New_York.html,305 w 39th st,new york city,ny,USA,10018,-1,-1,108,4.222222222,3.888888889,4.077777778,4.288888889,3.944444444,0,4.084444444
usa_new york city_cooper_square_hotel,cooper square hotel,http://www.tripadvisor.com/ShowUserReviews-g60763-d1149402-r50445434-Cooper_Square_Hotel-New_York_City_New_York.html,25 cooper square,new york city,ny,USA,10003,-1,-1,51,4.434782609,3.782608696,3.782608696,4.565217391,3.565217391,0,4.026086957
usa_new york city_cosmopolitan_hotel_tribeca,cosmopolitan hotel tribeca,http://www.tripadvisor.com/ShowUserReviews-g60763-d93351-r50079883-Cosmopolitan_Hotel_Tribeca-New_York_City_New_York.html,95 west broadway,new york city,ny,USA,10007,-1,-1,454,4.473684211,3.697368421,3.802631579,4.399122807,4.127192982,0,4.1
usa_new york city_courtyard_by_marriott_new_york_manhattan_times_square_south,courtyard by marriott new york manhattan times square south,http://www.tripadvisor.com/ShowUserReviews-g60763-d99368-r49483218-Courtyard_by_Marriott_New_York_Manhattan_Times_Square_South-New_York_City_New_York.html,114 west 40th street,new york city,ny,USA,10018,-1,-1,267,4.416666667,4.211111111,4.327777778,4.727777778,4.227777778,0,4.382222222
usa_new york city_courtyard_by_marriott_new_york_manhattan_upper_east_side,courtyard by marriott new york manhattan upper east side,http://www.tripadvisor.com/ShowUserReviews-g60763-d564851-r47910449-Courtyard_by_Marriott_New_York_Manhattan_Upper_East_Side-New_York_City_New_York.html,410 east 92nd street,new york city,ny,USA,10128,-1,-1,92,4.517647059,4.058823529,4.223529412,3.494117647,4.070588235,0,4.072941176
usa_new york city_courtyard_new_york_manhattan_fifth_avenue,courtyard new york manhattan fifth avenue,http://www.tripadvisor.com/ShowUserReviews-g60763-d99391-r48435279-Courtyard_New_York_Manhattan_Fifth_Avenue-New_York_City_New_York.html,3 east 40th street,new york city,ny,USA,10016,-1,-1,131,4.271428571,3.614285714,4.085714286,4.585714286,3.742857143,0,4.06
usa_new york city_courtyard_new_york_manhattan_midtown_east,courtyard new york manhattan midtown east,http://www.tripadvisor.com/ShowUserReviews-g60763-d99371-r50096191-Courtyard_New_York_Manhattan_Midtown_East-New_York_City_New_York.html,866 third avenue,new york city,ny,USA,10022,-1,-1,349,4.666666667,4.544444444,4.488888889,4.607407407,4.344444444,0,4.53037037
usa_new york city_crosby_street_hotel,crosby street hotel,http://www.tripadvisor.com/ShowUserReviews-g60763-d1572980-r48777744-Crosby_Street_Hotel-New_York_City_New_York.html,79 crosby street,new york city,ny,USA,-1,-1,-1,4,5,5,5,5,5,0,5
usa_new york city_crowne_plaza_times_square_manhattan,crowne plaza times square manhattan,http://www.tripadvisor.com/ShowUserReviews-g60763-d93454-r50553020-Crowne_Plaza_Times_Square_Manhattan-New_York_City_New_York.html,1605 broadway,new york city,ny,USA,10019,-1,-1,351,4.245847176,3.980066445,3.687707641,4.727574751,3.478405316,0,4.023920266
usa_new york city_da_vinci_hotel,da vinci hotel,http://www.tripadvisor.com/ShowUserReviews-g60763-d99365-r49785534-Da_Vinci_Hotel-New_York_City_New_York.html,244 west 56th street,new york city,ny,USA,10019,-1,-1,136,3.976744186,3.418604651,3.744186047,4.709302326,3.976744186,0,3.965116279
usa_new york city_doubletree_guest_suites_times_square,doubletree guest suites times square,http://www.tripadvisor.com/ShowUserReviews-g60763-d93352-r50531236-Doubletree_Guest_Suites_Times_Square-New_York_City_New_York.html,1568 broadway,new york city,ny,USA,10036-8201,-1,-1,350,4.305647841,4.259136213,4.159468439,4.800664452,4.003322259,0,4.305647841
usa_new york city_doubletree_hotel_chelsea_new_york_city,doubletree hotel chelsea new york city,http://www.tripadvisor.com/ShowUserReviews-g60763-d1214829-r50462492-Doubletree_Hotel_Chelsea_New_York_City-New_York_City_New_York.html,128 west 29th street,new york city,ny,USA,10001,-1,-1,42,4.432432432,3.594594595,3.810810811,3.783783784,3.702702703,0,3.864864865
usa_new york city_doubletree_metropolitan_hotel,doubletree metropolitan hotel,http://www.tripadvisor.com/ShowUserReviews-g60763-d93466-r50432408-Doubletree_Metropolitan_Hotel-New_York_City_New_York.html,569 lexington avenue at east 51st street,new york city,ny,USA,10022,-1,-1,368,3.684385382,3.395348837,3.644518272,4.438538206,3.451827243,0,3.722923588
usa_new york city_dream,dream,http://www.tripadvisor.com/ShowUserReviews-g60763-d75688-r50460127-Dream-New_York_City_New_York.html,210 west 55th street,new york city,ny,USA,10019,-1,-1,326,4.01744186,3.38372093,3.558139535,4.48255814,3.26744186,0,3.741860465
usa_new york city_duane_street_hotel,duane street hotel,http://www.tripadvisor.com/ShowUserReviews-g60763-d620399-r50415614-Duane_Street_Hotel-New_York_City_New_York.html,130 duane street,new york city,ny,USA,10013,-1,-1,44,4.333333333,4.027777778,3.75,4.277777778,3.611111111,0,4
usa_new york city_dylan_hotel,dylan hotel,http://www.tripadvisor.com/ShowUserReviews-g60763-d217622-r49587046-Dylan_Hotel-New_York_City_New_York.html,52 east 41st street,new york city,ny,USA,10017,-1,-1,139,3.958333333,3.472222222,3.777777778,4.444444444,3.444444444,0,3.819444444
usa_new york city_eastgate_tower,eastgate tower,http://www.tripadvisor.com/ShowUserReviews-g60763-d93435-r50364188-Eastgate_Tower-New_York_City_New_York.html,222 east 39th street,new york city,ny,USA,10016,-1,-1,373,4.007633588,3.889312977,4.099236641,4.167938931,4.263358779,0,4.085496183
usa_new york city_econo_lodge_times_square,econo lodge times square,http://www.tripadvisor.com/ShowUserReviews-g60763-d93359-r48656006-Econo_Lodge_Times_Square-New_York_City_New_York.html,302 west 47th street,new york city,ny,USA,10036,-1,-1,151,4.009174312,3.155963303,3.825688073,4.651376147,3.935779817,0,3.91559633
usa_new york city_embassy_suites_hotel_new_york_city,embassy suites hotel new york city,http://www.tripadvisor.com/ShowUserReviews-g60763-d208452-r50503201-Embassy_Suites_Hotel_New_York_City-New_York_City_New_York.html,102 north end avenue,new york city,ny,USA,10281,-1,-1,580,4.508305648,4.425249169,4.299003322,3.916943522,4.199335548,0,4.269767442
usa_new york city_embassy_suites_secaucus_medowlands_hotel_new_york,embassy suites secaucus medowlands hotel new york,http://www.tripadvisor.com/ShowUserReviews-g60763-d1214274-r49064743-Embassy_Suites_Secaucus_Medowlands_Hotel_New_York-New_York_City_New_York.html,455 plaza drive,new york city,ny,USA,7094,-1,-1,3,4.333333333,4.333333333,4.333333333,4.333333333,4.666666667,0,4.4
usa_new york city_empire_hotel,empire hotel,http://www.tripadvisor.com/ShowUserReviews-g60763-d671150-r50422729-Empire_Hotel-New_York_City_New_York.html,44 west 63rd street,new york city,ny,USA,10023,-1,-1,286,4.053719008,3.425619835,3.301652893,4.425619835,3.181818182,0,3.67768595
usa_new york city_envoy_club,envoy club,http://www.tripadvisor.com/ShowUserReviews-g60763-d256738-r49472023-Envoy_Club-New_York_City_New_York.html,377 east 33rd street,new york city,ny,USA,10016,-1,-1,83,3.731707317,4.024390244,3.341463415,3.731707317,3.804878049,0,3.726829268
usa_new york city_eurostars_wall_street,eurostars wall street,http://www.tripadvisor.com/ShowUserReviews-g60763-d1164645-r48065978-Eurostars_Wall_Street-New_York_City_New_York.html,129 front st,new york city,ny,USA,10005,-1,-1,10,4,4,3.75,4.625,4.125,0,4.1
usa_new york city_excelsior_hotel,excelsior hotel,http://www.tripadvisor.com/ShowUserReviews-g60763-d93334-r50438396-Excelsior_Hotel-New_York_City_New_York.html,45 west 81st street,new york city,ny,USA,10024,-1,-1,329,4.145833333,3.817708333,3.447916667,4.53125,3.854166667,0,3.959375
usa_new york city_fairfield_inn_new_york_manhattan_times_square_south,fairfield inn new york manhattan times square south,http://www.tripadvisor.com/ShowUserReviews-g60763-d1390172-r50340999-Fairfield_Inn_New_York_Manhattan_Times_Square_South-New_York_City_New_York.html,330 west 40th street,new york city,ny,USA,10018,-1,-1,53,4.739130435,4.130434783,4.260869565,4,4.565217391,0,4.339130435
usa_new york city_fitzpatrick_grand_central_hotel,fitzpatrick grand central hotel,http://www.tripadvisor.com/ShowUserReviews-g60763-d99327-r49527982-Fitzpatrick_Grand_Central_Hotel-New_York_City_New_York.html,141 east 44th street,new york city,ny,USA,10017,-1,-1,261,4.613496933,4.331288344,4.116564417,4.699386503,4.085889571,0,4.369325153
usa_new york city_fitzpatrick_manhattan,fitzpatrick manhattan,http://www.tripadvisor.com/ShowUserReviews-g60763-d113309-r50454439-Fitzpatrick_Manhattan-New_York_City_New_York.html,687 lexington avenue,new york city,ny,USA,10022,-1,-1,121,4.422535211,4.225352113,4.197183099,4.605633803,4.028169014,0,4.295774648
usa_new york city_flatotel,flatotel,http://www.tripadvisor.com/ShowUserReviews-g60763-d93440-r49186559-Flatotel-New_York_City_New_York.html,135 west 52nd street,new york city,ny,USA,10019,-1,-1,202,3.619469027,3.557522124,3.469026549,4.619469027,3.530973451,0,3.759292035
usa_new york city_four_points_by_sheraton_manhattan_chelsea,four points by sheraton manhattan chelsea,http://www.tripadvisor.com/ShowUserReviews-g60763-d281234-r49758442-Four_Points_by_Sheraton_Manhattan_Chelsea-New_York_City_New_York.html,160 west 25th st.,new york city,ny,USA,10011,-1,-1,227,3.876923077,3.423076923,3.6,4.030769231,3.538461538,0,3.693846154
usa_new york city_four_points_by_sheraton_manhattan_soho_village,four points by sheraton manhattan soho village,http://www.tripadvisor.com/ShowUserReviews-g60763-d1157456-r49387500-Four_Points_by_Sheraton_Manhattan_SoHo_Village-New_York_City_New_York.html,66 charlton street,new york city,ny,USA,10014,-1,-1,71,4.476923077,3.938461538,4.276923077,4.307692308,4.123076923,0,4.224615385
usa_new york city_four_points_by_sheraton_midtown_times_square,four points by sheraton midtown times square,http://www.tripadvisor.com/ShowUserReviews-g60763-d1464151-r50530240-Four_Points_by_Sheraton_Midtown_Times_Square-New_York_City_New_York.html,326 west 40th street,new york city,ny,USA,10018,-1,-1,67,4.35,3.9,3.65,3.433333333,4.1,0,3.886666667
usa_new york city_four_seasons_hotel_new_york,four seasons hotel new york,http://www.tripadvisor.com/ShowUserReviews-g60763-d113298-r50242340-Four_Seasons_Hotel_New_York-New_York_City_New_York.html,57 east 57th street,new york city,ny,USA,10022,-1,-1,122,4.642857143,4.442857143,4.214285714,4.7,3.728571429,0,4.345714286
usa_new york city_gild_hall,gild hall,http://www.tripadvisor.com/ShowUserReviews-g60763-d122014-r49589212-Gild_Hall-New_York_City_New_York.html,15 gold street  entrance on platt,new york city,ny,USA,10038,-1,-1,115,4.717171717,4.292929293,4.515151515,3.838383838,4.414141414,0,4.355555556
usa_new york city_gramercy_park_hotel,gramercy park hotel,http://www.tripadvisor.com/ShowUserReviews-g60763-d571166-r50515942-Gramercy_Park_Hotel-New_York_City_New_York.html,2 lexington avenue,new york city,ny,USA,10010,-1,-1,128,4.155963303,3.844036697,3.596330275,4.229357798,3.201834862,0,3.805504587
usa_new york city_grand_hyatt_new_york,grand hyatt new york,http://www.tripadvisor.com/ShowUserReviews-g60763-d93450-r50355566-Grand_Hyatt_New_York-New_York_City_New_York.html,109 east 42nd street,new york city,ny,USA,10017,-1,-1,335,3.900332226,3.541528239,3.787375415,4.747508306,3.568106312,0,3.9089701
usa_new york city_greenwich_hotel,greenwich hotel,http://www.tripadvisor.com/ShowUserReviews-g60763-d1028569-r49246858-Greenwich_Hotel-New_York_City_New_York.html,377 greenwich st.,new york city,ny,USA,10013,-1,-1,21,4.684210526,4.210526316,4.421052632,4.473684211,3.368421053,0,4.231578947
usa_new york city_hampton_inn_35th_st_empire_state_building,hampton inn 35th st empire state building,http://www.tripadvisor.com/ShowUserReviews-g60763-d1158763-r49849653-Hampton_Inn_35th_St_Empire_State_Building-New_York_City_New_York.html,59 west 35th street,new york city,ny,USA,10001,-1,-1,75,4.578125,4.15625,4.234375,4.578125,4.5,0,4.409375
usa_new york city_hampton_inn_madison_square_garden,hampton inn madison square garden,http://www.tripadvisor.com/ShowUserReviews-g60763-d498869-r50053170-Hampton_Inn_Madison_Square_Garden-New_York_City_New_York.html,116 west 31st street,new york city,ny,USA,10001,-1,-1,152,4.558558559,4.018018018,4.540540541,4.612612613,4.423423423,0,4.430630631
usa_new york city_hampton_inn_manhattan_chelsea,hampton inn manhattan chelsea,http://www.tripadvisor.com/ShowUserReviews-g60763-d268216-r50520670-Hampton_Inn_Manhattan_Chelsea-New_York_City_New_York.html,108 west 24th street,new york city,ny,USA,10011,-1,-1,183,4.394957983,4.100840336,4.31092437,4.336134454,4.210084034,0,4.270588235
usa_new york city_hampton_inn_manhattan_soho,hampton inn manhattan soho,http://www.tripadvisor.com/ShowUserReviews-g60763-d866615-r50425799-Hampton_Inn_Manhattan_SoHo-New_York_City_New_York.html,54 watts street,new york city,ny,USA,10013,-1,-1,103,4.446808511,4.180851064,4.255319149,4.404255319,4.563829787,0,4.370212766
usa_new york city_hampton_inn_manhattan_times_square_south,hampton inn manhattan times square south,http://www.tripadvisor.com/ShowUserReviews-g60763-d1500405-r50445867-Hampton_Inn_Manhattan_Times_Square_South-New_York_City_New_York.html,337 west 39th street,new york city,ny,USA,10018,-1,-1,25,4.56,4,3.88,3.84,3.8,0,4.016
usa_new york city_hampton_inn_new_york_seaport_financial_district,hampton inn new york seaport financial district,http://www.tripadvisor.com/ShowUserReviews-g60763-d277882-r48793530-Hampton_Inn_New_York_Seaport_Financial_District-New_York_City_New_York.html,320 pearl st.,new york city,ny,USA,10038,-1,-1,84,4.597222222,4.333333333,4.513888889,4.263888889,4.277777778,0,4.397222222
usa_new york city_helmsley_middletowne_hotel,helmsley middletowne hotel,http://www.tripadvisor.com/ShowUserReviews-g60763-d112030-r48791023-Helmsley_Middletowne_Hotel-New_York_City_New_York.html,148 e. 48th st.,new york city,ny,USA,10017,-1,-1,208,3.394495413,3.293577982,3.642201835,4.229357798,3.52293578,0,3.616513761
usa_new york city_hilton_club_new_york,hilton club new york,http://www.tripadvisor.com/ShowUserReviews-g60763-d1379306-r49969638-Hilton_Club_New_York-New_York_City_New_York.html,1335 avenue of the americas,new york city,ny,USA,10019,-1,-1,10,4.6,4.4,4.8,4.9,3.6,0,4.46
usa_new york city_hilton_garden_inn_chelsea,hilton garden inn chelsea,http://www.tripadvisor.com/ShowUserReviews-g60763-d641209-r50223223-Hilton_Garden_Inn_Chelsea-New_York_City_New_York.html,121 west 28th street,new york city,ny,USA,10001,-1,-1,177,4.649681529,4.369426752,4.394904459,4.23566879,4.280254777,0,4.385987261
usa_new york city_hilton_garden_inn_new_york_west_35th,hilton garden inn new york west 35th,http://www.tripadvisor.com/ShowUserReviews-g60763-d1218792-r50485207-Hilton_Garden_Inn_New_York_West_35th-New_York_City_New_York.html,63 west 35th street ,new york city,ny,USA,10001,-1,-1,221,4.805825243,4.32038835,4.300970874,4.82038835,4.422330097,0,4.533980583
usa_new york city_hilton_garden_inn_times_square,hilton garden inn times square,http://www.tripadvisor.com/ShowUserReviews-g60763-d99352-r50542625-Hilton_Garden_Inn_Times_Square-New_York_City_New_York.html,790 eighth avenue,new york city,ny,USA,10019,-1,-1,334,4.604651163,4.392026578,4.478405316,4.784053156,4.365448505,0,4.524916944
usa_new york city_hilton_garden_inn_tribeca,hilton garden inn tribeca,http://www.tripadvisor.com/ShowUserReviews-g60763-d632551-r50064358-Hilton_Garden_Inn_Tribeca-New_York_City_New_York.html,6 york st,new york city,ny,USA,10013,-1,-1,43,4.487804878,3.951219512,3.902439024,4.195121951,3.780487805,0,4.063414634
usa_new york city_hilton_new_york,hilton new york,http://www.tripadvisor.com/ShowUserReviews-g60763-d611947-r50513464-Hilton_New_York-New_York_City_New_York.html,1335 avenue of the americas,new york city,ny,USA,10019,-1,-1,337,4.093023256,3.873754153,3.548172757,4.674418605,3.448504983,0,3.927574751
usa_new york city_hilton_times_square,hilton times square,http://www.tripadvisor.com/ShowUserReviews-g60763-d208453-r50523230-Hilton_Times_Square-New_York_City_New_York.html,234 west 42nd street,new york city,ny,USA,10036,-1,-1,528,4.398496241,4.323308271,3.996240602,4.736842105,3.77443609,0,4.245864662
usa_new york city_holiday_inn_express_new_york_city_fifth_ave,holiday inn express new york city fifth ave,http://www.tripadvisor.com/ShowUserReviews-g60763-d584986-r50244484-Holiday_Inn_Express_New_York_City_Fifth_Ave-New_York_City_New_York.html,15 west 45th street,new york city,ny,USA,10036,-1,-1,200,4.452054795,3.746575342,4.130136986,4.794520548,3.993150685,0,4.223287671
usa_new york city_holiday_inn_express_new_york_city_times_square,holiday inn express new york city times square,http://www.tripadvisor.com/ShowUserReviews-g60763-d1139717-r49903664-Holiday_Inn_Express_New_York_City_Times_Square-New_York_City_New_York.html,343 west 39th street,new york city,ny,USA,10018,-1,-1,31,4.148148148,3.62962963,3.555555556,4.37037037,3.814814815,0,3.903703704
usa_new york city_holiday_inn_express_nyc_madison_square_garden,holiday inn express nyc madison square garden,http://www.tripadvisor.com/ShowUserReviews-g60763-d630950-r50267776-Holiday_Inn_Express_NYC_Madison_Square_Garden-New_York_City_New_York.html,232 west 29th street,new york city,ny,USA,10001-5201,-1,-1,240,4.392156863,3.818627451,4.053921569,4.37745098,4.151960784,0,4.158823529
usa_new york city_holiday_inn_manhattan_downtown_soho,holiday inn manhattan downtown soho,http://www.tripadvisor.com/ShowUserReviews-g60763-d223022-r49909987-Holiday_Inn_Manhattan_Downtown_Soho-New_York_City_New_York.html,138 lafayette street,new york city,ny,USA,10013,-1,-1,179,3.744897959,3.346938776,3.734693878,3.897959184,3.571428571,0,3.659183673
usa_new york city_holiday_inn_midtown_57th_st,holiday inn midtown 57th st,http://www.tripadvisor.com/ShowUserReviews-g60763-d93344-r50420396-Holiday_Inn_Midtown_57th_St-New_York_City_New_York.html,440 west 57th street,new york city,ny,USA,10019,-1,-1,498,3.508305648,3.289036545,3.418604651,4.046511628,3.6910299,0,3.590697674
usa_new york city_holiday_inn_nyc_manhattan_6th_avenue,holiday inn nyc manhattan 6th avenue,http://www.tripadvisor.com/ShowUserReviews-g60763-d673080-r50503048-Holiday_Inn_NYC_Manhattan_6th_Avenue-New_York_City_New_York.html,125 west 26th street,new york city,ny,USA,10001,-1,-1,108,4.425742574,3.623762376,4.099009901,4.217821782,4.00990099,0,4.075247525
usa_new york city_hotel_17,hotel 17,http://www.tripadvisor.com/ShowUserReviews-g60763-d93379-r50246126-Hotel_17-New_York_City_New_York.html,225 east 17th street,new york city,ny,USA,10003,-1,-1,349,4.049450549,3.467032967,3.604395604,4.445054945,4.21978022,0,3.957142857
usa_new york city_hotel_31,hotel 31,http://www.tripadvisor.com/ShowUserReviews-g60763-d126257-r50453349-Hotel_31-New_York_City_New_York.html,120 east 31 street,new york city,ny,USA,10016,-1,-1,429,4.142857143,3.359307359,3.670995671,4.58008658,4.090909091,0,3.968831169
usa_new york city_hotel_373,hotel 373,http://www.tripadvisor.com/ShowUserReviews-g60763-d624442-r50010650-Hotel_373-New_York_City_New_York.html,373 fifth avenue,new york city,ny,USA,10001,-1,-1,141,4.573770492,3.860655738,4.073770492,4.696721311,3.942622951,0,4.229508197
usa_new york city_hotel_41_at_times_square,hotel 41 at times square,http://www.tripadvisor.com/ShowUserReviews-g60763-d254605-r48493172-Hotel_41_At_Times_Square-New_York_City_New_York.html,206 w 41st st,new york city,ny,USA,10036,-1,-1,383,4.50802139,3.812834225,4.572192513,4.812834225,4.240641711,0,4.389304813
usa_new york city_hotel_99,hotel 99,http://www.tripadvisor.com/ShowUserReviews-g60763-d1546341-r50286122-Hotel_99-New_York_City_New_York.html,244 west 99th street,new york city,ny,USA,10025,-1,-1,12,3.9,3.7,3.5,3.7,4,0,3.76
usa_new york city_hotel_beacon,hotel beacon,http://www.tripadvisor.com/ShowUserReviews-g60763-d93338-r50507635-Hotel_Beacon-New_York_City_New_York.html,2130 broadway at 75th street,new york city,ny,USA,10023,-1,-1,467,4.323144105,4.19650655,3.951965066,4.563318777,4.209606987,0,4.248908297
usa_new york city_hotel_chandler,hotel chandler,http://www.tripadvisor.com/ShowUserReviews-g60763-d223024-r50557852-Hotel_Chandler-New_York_City_New_York.html,12 east 31st street,new york city,ny,USA,10016,-1,-1,337,4.535564854,4.175732218,4.414225941,4.456066946,4.246861925,0,4.365690377
usa_new york city_hotel_deauville,hotel deauville,http://www.tripadvisor.com/ShowUserReviews-g60763-d93364-r48740426-Hotel_Deauville-New_York_City_New_York.html,103 east 29th street,new york city,ny,USA,10016,-1,-1,133,3.960526316,3.355263158,4.105263158,4.407894737,4.039473684,0,3.973684211
usa_new york city_hotel_east_houston,hotel east houston,http://www.tripadvisor.com/ShowUserReviews-g60763-d1007724-r50441026-Hotel_East_Houston-New_York_City_New_York.html,151 east houston street,new york city,ny,USA,10002,-1,-1,32,4.516129032,3.483870968,4.096774194,4.451612903,3.709677419,0,4.051612903
usa_new york city_hotel_elysee,hotel elysee,http://www.tripadvisor.com/ShowUserReviews-g60763-d93340-r50241527-Hotel_Elysee-New_York_City_New_York.html,60 east 54th street,new york city,ny,USA,10022,-1,-1,372,4.711111111,4.485185185,4.625925926,4.792592593,4.388888889,0,4.600740741
usa_new york city_hotel_gansevoort,hotel gansevoort,http://www.tripadvisor.com/ShowUserReviews-g60763-d287626-r50378039-Hotel_Gansevoort-New_York_City_New_York.html,18 9th avenue,new york city,ny,USA,10014,-1,-1,313,4.289017341,4.092485549,3.705202312,4.50867052,3.439306358,0,4.006936416
usa_new york city_hotel_giraffe,hotel giraffe,http://www.tripadvisor.com/ShowUserReviews-g60763-d99762-r50447395-Hotel_Giraffe-New_York_City_New_York.html,365 park ave s,new york city,ny,USA,10016,-1,-1,348,4.837209302,4.617940199,4.598006645,4.511627907,4.299003322,0,4.572757475
usa_new york city_hotel_grand_union,hotel grand union,http://www.tripadvisor.com/ShowUserReviews-g60763-d122015-r50423186-Hotel_Grand_Union-New_York_City_New_York.html,34 east 32nd street,new york city,ny,USA,10016,-1,-1,330,4.035714286,3.505952381,3.696428571,4.595238095,4.029761905,0,3.972619048
usa_new york city_hotel_indigo_new_york_city_chelsea,hotel indigo new york city chelsea,http://www.tripadvisor.com/ShowUserReviews-g60763-d1237128-r50288173-Hotel_Indigo_New_York_City_Chelsea-New_York_City_New_York.html,127 west 28th street,new york city,ny,USA,10001,-1,-1,6,4.5,3.833333333,3.333333333,4,3.666666667,0,3.866666667
usa_new york city_hotel_mela,hotel mela,http://www.tripadvisor.com/ShowUserReviews-g60763-d612263-r50514261-Hotel_Mela-New_York_City_New_York.html,120 west 44th street,new york city,ny,USA,10036,-1,-1,353,4.637873754,4.102990033,4.481727575,4.754152824,4.199335548,0,4.435215947
usa_new york city_hotel_metro,hotel metro,http://www.tripadvisor.com/ShowUserReviews-g60763-d99392-r50146505-Hotel_Metro-New_York_City_New_York.html,45 w 35th st,new york city,ny,USA,10001,-1,-1,358,4.34551495,3.913621262,4.043189369,4.667774086,4.129568106,0,4.219933555
usa_new york city_hotel_newton,hotel newton,http://www.tripadvisor.com/ShowUserReviews-g60763-d112039-r50434312-Hotel_Newton-New_York_City_New_York.html,2528 broadway,new york city,ny,USA,10025,-1,-1,355,4.385057471,3.91954023,3.948275862,4.172413793,4.24137931,0,4.133333333
usa_new york city_hotel_on_rivington,hotel on rivington,http://www.tripadvisor.com/ShowUserReviews-g60763-d514488-r50475936-Hotel_on_Rivington-New_York_City_New_York.html,107 rivington st,new york city,ny,USA,10002,-1,-1,201,4.083969466,4.190839695,3.832061069,4.251908397,3.557251908,0,3.983206107
usa_new york city_hotel_reserve,hotel reserve,http://www.tripadvisor.com/ShowUserReviews-g60763-d1234559-r50514828-Hotel_Reserve-New_York_City_New_York.html,51 nassau street,new york city,ny,USA,10038,-1,-1,66,4.366666667,3.8,4.05,4.15,4.283333333,0,4.13
usa_new york city_hotel_st_james,hotel st james,http://www.tripadvisor.com/ShowUserReviews-g60763-d290978-r50081807-Hotel_St_James-New_York_City_New_York.html,109 west 45th street,new york city,ny,USA,10036,-1,-1,465,3.568965517,3,3.327586207,4.748275862,3.817241379,0,3.692413793
usa_new york city_hotel_stanford,hotel stanford,http://www.tripadvisor.com/ShowUserReviews-g60763-d93565-r50439721-Hotel_Stanford-New_York_City_New_York.html,43 west 32nd street,new york city,ny,USA,10001,-1,-1,259,3.967532468,3.558441558,3.746753247,4.714285714,4,0,3.997402597
usa_new york city_hotel_wales,hotel wales,http://www.tripadvisor.com/ShowUserReviews-g60763-d93625-r49223206-Hotel_Wales-New_York_City_New_York.html,1295 madison avenue,new york city,ny,USA,10128,-1,-1,89,3.745098039,3.411764706,3.745098039,4.039215686,3.254901961,0,3.639215686
usa_new york city_hudson_hotel,hudson hotel,http://www.tripadvisor.com/ShowUserReviews-g60763-d223023-r50297020-Hudson_Hotel-New_York_City_New_York.html,356 west 58th street,new york city,ny,USA,10019,-1,-1,339,3.803986711,2.584717608,3.451827243,4.305647841,3.023255814,0,3.433887043
usa_new york city_ink48_a_kimpton_hotel,ink48 a kimpton hotel,http://www.tripadvisor.com/ShowUserReviews-g60763-d1158753-r49849480-Ink48_a_Kimpton_Hotel-New_York_City_New_York.html,653 11th avenue at 48th,new york city,ny,USA,10036,-1,-1,46,4.76744186,4.418604651,4.627906977,3.558139535,4.11627907,0,4.297674419
usa_new york city_inn_new_york_city,inn new york city,http://www.tripadvisor.com/ShowUserReviews-g60763-d80092-r48562223-Inn_New_York_City-New_York_City_New_York.html,266 west 71st st.,new york city,ny,USA,10023,-1,-1,98,4.984848485,4.939393939,4.96969697,4.893939394,4.757575758,0,4.909090909
usa_new york city_intercontinental_the_barclay_new_york,intercontinental the barclay new york,http://www.tripadvisor.com/ShowUserReviews-g60763-d93462-r50475462-InterContinental_The_Barclay_New_York-New_York_City_New_York.html,111 east 48th street,new york city,ny,USA,10017,-1,-1,344,4.059800664,3.664451827,3.651162791,4.445182724,3.637873754,0,3.891694352
usa_new york city_jumeirah_essex_house,jumeirah essex house,http://www.tripadvisor.com/ShowUserReviews-g60763-d455186-r50342742-Jumeirah_Essex_House-New_York_City_New_York.html,160 central park south,new york city,ny,USA,10019,-1,-1,282,4.305882353,4.111764706,3.982352941,4.8,3.629411765,0,4.165882353
usa_new york city_kitano_new_york,kitano new york,http://www.tripadvisor.com/ShowUserReviews-g60763-d93337-r49426515-Kitano_New_York-New_York_City_New_York.html,66 park avenue,new york city,ny,USA,10016,-1,-1,168,4.727272727,4.463636364,4.372727273,4.572727273,4.036363636,0,4.434545455
usa_new york city_la_quinta_manhattan,la quinta manhattan,http://www.tripadvisor.com/ShowUserReviews-g60763-d99774-r49939169-La_Quinta_Manhattan-New_York_City_New_York.html,17 west 32nd st.,new york city,ny,USA,10001,-1,-1,346,3.643678161,3.270114943,3.494252874,4.379310345,3.75862069,0,3.709195402
usa_new york city_lafayette_house,lafayette house,http://www.tripadvisor.com/ShowUserReviews-g60763-d655870-r48783382-Lafayette_House-New_York_City_New_York.html,38 east 4th street,new york city,ny,USA,10003,-1,-1,10,4.222222222,4.444444444,4,4.777777778,4,0,4.288888889
usa_new york city_le_parker_meridien,le parker meridien,http://www.tripadvisor.com/ShowUserReviews-g60763-d93464-r50295231-Le_Parker_Meridien-New_York_City_New_York.html,118 west 57th street,new york city,ny,USA,10019,-1,-1,580,3.96345515,3.601328904,3.664451827,4.49833887,3.401993355,0,3.825913621
usa_new york city_library_hotel,library hotel,http://www.tripadvisor.com/ShowUserReviews-g60763-d224221-r50266840-Library_Hotel-New_York_City_New_York.html,299 madison avenue,new york city,ny,USA,10017,-1,-1,341,4.897009967,4.491694352,4.787375415,4.80730897,4.375415282,0,4.671760797
usa_new york city_loews_regency_hotel,loews regency hotel,http://www.tripadvisor.com/ShowUserReviews-g60763-d93607-r50470708-Loews_Regency_Hotel-New_York_City_New_York.html,540 park ave,new york city,ny,USA,10021,-1,-1,129,4.042253521,3.887323944,3.971830986,4.478873239,3.563380282,0,3.988732394
usa_new york city_lowell_hotel,lowell hotel,http://www.tripadvisor.com/ShowUserReviews-g60763-d93585-r48787589-Lowell_Hotel-New_York_City_New_York.html,28 east 63rd street,new york city,ny,USA,10021-8088,-1,-1,37,4.545454545,4.5,4.409090909,4.590909091,3.863636364,0,4.381818182
usa_new york city_mandarin_oriental_new_york,mandarin oriental new york,http://www.tripadvisor.com/ShowUserReviews-g60763-d281071-r50499055-Mandarin_Oriental_New_York-New_York_City_New_York.html,80 columbus circle at 60th st,new york city,ny,USA,10023,-1,-1,195,4.703703704,4.611111111,4.425925926,4.712962963,3.787037037,0,4.448148148
usa_new york city_marriott_financial_center,marriott financial center,http://www.tripadvisor.com/ShowUserReviews-g60763-d1227811-r48006859-Marriott_Financial_Center-New_York_City_New_York.html,85 west street,new york city,ny,USA,10006,-1,-1,1,5,5,4,4,4,0,4.4
usa_new york city_milford_plaza_hotel,milford plaza hotel,http://www.tripadvisor.com/ShowUserReviews-g60763-d202590-r50555489-Milford_Plaza_Hotel-New_York_City_New_York.html,700 8th avenue,new york city,ny,USA,10036,-1,-1,348,3.279069767,2.803986711,3.42192691,4.707641196,3.531561462,0,3.548837209
usa_new york city_millenium_hilton,millenium hilton,http://www.tripadvisor.com/ShowUserReviews-g60763-d262330-r50367118-Millenium_Hilton-New_York_City_New_York.html,55 church street,new york city,ny,USA,10007,-1,-1,353,4.591362126,4.491694352,4.132890365,4.093023256,4.106312292,0,4.283056478
usa_new york city_millennium_hotel_broadway,millennium hotel broadway,http://www.tripadvisor.com/ShowUserReviews-g60763-d93486-r50522345-Millennium_Hotel_Broadway-New_York_City_New_York.html,145 w 44th street,new york city,ny,USA,10036,-1,-1,352,3.837209302,3.6910299,3.631229236,4.774086379,3.764119601,0,3.939534884
usa_new york city_millennium_un_plaza_hotel,millennium un plaza hotel,http://www.tripadvisor.com/ShowUserReviews-g60763-d209382-r50555772-Millennium_UN_Plaza_Hotel-New_York_City_New_York.html,one united nations plaza,new york city,ny,USA,10017-3575,-1,-1,526,3.970099668,3.983388704,3.996677741,4.179401993,3.996677741,0,4.025249169
usa_new york city_moderne_hotel,moderne hotel,http://www.tripadvisor.com/ShowUserReviews-g60763-d99354-r50246740-Moderne_Hotel-New_York_City_New_York.html,243 west 55th street,new york city,ny,USA,10019,-1,-1,146,3.623188406,3.260869565,3.376811594,4.434782609,3.608695652,0,3.660869565
usa_new york city_morgans_hotel,morgans hotel,http://www.tripadvisor.com/ShowUserReviews-g60763-d113329-r50540754-Morgans_Hotel-New_York_City_New_York.html,237 madison ave,new york city,ny,USA,10016,-1,-1,91,4.470588235,4.176470588,4.423529412,4.458823529,4.117647059,0,4.329411765
usa_new york city_murray_hill_east_suites,murray hill east suites,http://www.tripadvisor.com/ShowUserReviews-g60763-d93489-r50418312-Murray_Hill_East_Suites-New_York_City_New_York.html,149 east 39th street,new york city,ny,USA,10016-0913,-1,-1,216,4.027027027,3.801801802,3.612612613,4.45045045,4.153153153,0,4.009009009
usa_new york city_murray_hill_inn,murray hill inn,http://www.tripadvisor.com/ShowUserReviews-g60763-d80093-r48913094-Murray_Hill_Inn-New_York_City_New_York.html,143 east 30th street,new york city,ny,USA,10016,-1,-1,159,4.090909091,3.443181818,3.625,4.363636364,3.977272727,0,3.9
usa_new york city_new_york_marriott_downtown,new york marriott downtown,http://www.tripadvisor.com/ShowUserReviews-g60763-d93477-r50441871-New_York_Marriott_Downtown-New_York_City_New_York.html,85 west street,new york city,ny,USA,10006,-1,-1,214,4.338028169,4.246478873,4.077464789,3.929577465,4.014084507,0,4.121126761
usa_new york city_new_york_marriott_east_side,new york marriott east side,http://www.tripadvisor.com/ShowUserReviews-g60763-d93475-r50290694-New_York_Marriott_East_Side-New_York_City_New_York.html,525 lexington avenue,new york city,ny,USA,10017,-1,-1,239,4.207407407,3.851851852,3.874074074,4.392592593,3.555555556,0,3.976296296
usa_new york city_new_york_marriott_marquis,new york marriott marquis,http://www.tripadvisor.com/ShowUserReviews-g60763-d93507-r50304600-New_York_Marriott_Marquis-New_York_City_New_York.html,1535 broadway,new york city,ny,USA,10036,-1,-1,349,4.34551495,4.249169435,4.083056478,4.810631229,3.737541528,0,4.245182724
usa_new york city_new_york_palace_hotel,new york palace hotel,http://www.tripadvisor.com/ShowUserReviews-g60763-d126260-r50469011-New_York_Palace_Hotel-New_York_City_New_York.html,455 madison ave,new york city,ny,USA,10022,-1,-1,345,4.803986711,4.647840532,4.651162791,4.860465116,4.34551495,0,4.66179402
usa_new york city_night_hotel,night hotel,http://www.tripadvisor.com/ShowUserReviews-g60763-d75737-r49897825-Night_Hotel-New_York_City_New_York.html,132 west 45th street,new york city,ny,USA,10036,-1,-1,230,4.038461538,3.648351648,3.835164835,4.648351648,3.554945055,0,3.945054945
usa_new york city_novotel_new_york_times_square,novotel new york times square,http://www.tripadvisor.com/ShowUserReviews-g60763-d93516-r50378994-Novotel_New_York_Times_Square-New_York_City_New_York.html,226 w. 52nd st.,new york city,ny,USA,10019,-1,-1,351,3.976744186,3.634551495,3.810631229,4.817275748,3.810631229,0,4.009966777
usa_new york city_off_soho_suites,off soho suites,http://www.tripadvisor.com/ShowUserReviews-g60763-d93374-r49448311-Off_Soho_Suites-New_York_City_New_York.html,11 rivington street,new york city,ny,USA,10002,-1,-1,52,3.5,3.214285714,3.642857143,3.964285714,3.678571429,0,3.6
usa_new york city_omni_berkshire_place,omni berkshire place,http://www.tripadvisor.com/ShowUserReviews-g60763-d113300-r50492819-Omni_Berkshire_Place-New_York_City_New_York.html,21 e 52nd st,new york city,ny,USA,10022,-1,-1,338,4.563981043,4.203791469,4.246445498,4.696682464,4.023696682,0,4.346919431
usa_new york city_on_the_ave_hotel,on the ave hotel,http://www.tripadvisor.com/ShowUserReviews-g60763-d99288-r50422147-On_The_Ave_Hotel-New_York_City_New_York.html,2178 broadway,new york city,ny,USA,10024,-1,-1,487,3.992248062,3.821705426,3.798449612,4.348837209,3.728682171,0,3.937984496
usa_new york city_park_79_hotel,park 79 hotel,http://www.tripadvisor.com/ShowUserReviews-g60763-d246797-r50383327-Park_79_Hotel-New_York_City_New_York.html,117 west 79th street,new york city,ny,USA,10024,-1,-1,269,3.971428571,3.292857143,3.692857143,4.342857143,3.785714286,0,3.817142857
usa_new york city_park_central,park central,http://www.tripadvisor.com/ShowUserReviews-g60763-d93520-r50347084-Park_Central-New_York_City_New_York.html,870 seventh avenue at 56th street,new york city,ny,USA,10019-4038,-1,-1,345,3.46179402,3.245847176,3.132890365,4.571428571,3.375415282,0,3.557475083
usa_new york city_park_south_hotel,park south hotel,http://www.tripadvisor.com/ShowUserReviews-g60763-d225942-r50238001-Park_South_Hotel-New_York_City_New_York.html,122 east 28th street,new york city,ny,USA,10016,-1,-1,273,4.238410596,3.655629139,3.735099338,4.099337748,3.953642384,0,3.936423841
usa_new york city_peninsula_new_york,peninsula new york,http://www.tripadvisor.com/ShowUserReviews-g60763-d113311-r49922782-Peninsula_New_York-New_York_City_New_York.html,700 fifth avenue at 55th street,new york city,ny,USA,10019,-1,-1,99,4.666666667,4.296296296,4.425925926,4.814814815,3.592592593,0,4.359259259
usa_new york city_phillips_club,phillips club,http://www.tripadvisor.com/ShowUserReviews-g60763-d122004-r19489536-Phillips_Club-New_York_City_New_York.html,155 west 66th street,new york city,ny,USA,10023-6501,-1,-1,12,4.5,4.5,4.5,5,4,0,4.5
usa_new york city_plaza_athenee_hotel,plaza athenee hotel,http://www.tripadvisor.com/ShowUserReviews-g60763-d93606-r48828548-Plaza_Athenee_Hotel-New_York_City_New_York.html,37 e 64th st at madison ave,new york city,ny,USA,10021-7023,-1,-1,51,4.433333333,3.8,4.133333333,4.333333333,3.5,0,4.04
usa_new york city_radisson_martinique_on_broadway,radisson martinique on broadway,http://www.tripadvisor.com/ShowUserReviews-g60763-d99425-r50531757-Radisson_Martinique_on_Broadway-New_York_City_New_York.html,49 west 32nd street,new york city,ny,USA,10001,-1,-1,357,3.698198198,3.373873874,3.355855856,4.468468468,3.369369369,0,3.653153153
usa_new york city_ramada_eastside,ramada eastside,http://www.tripadvisor.com/ShowUserReviews-g60763-d99388-r50229404-Ramada_Eastside-New_York_City_New_York.html,161 lexington avenue,new york city,ny,USA,10016,-1,-1,213,4.114285714,3.752380952,3.647619048,4.295238095,4.133333333,0,3.988571429
usa_new york city_red_roof_inn_manhattan,red roof inn manhattan,http://www.tripadvisor.com/ShowUserReviews-g60763-d224223-r50053989-Red_Roof_Inn_Manhattan-New_York_City_New_York.html,6 west 32nd street,new york city,ny,USA,10001,-1,-1,565,4.268707483,4.051020408,3.792517007,4.629251701,4.149659864,0,4.178231293
usa_new york city_renaissance_new_york_hotel_57,renaissance new york hotel 57,http://www.tripadvisor.com/ShowUserReviews-g60763-d575732-r49517551-Renaissance_New_York_Hotel_57-New_York_City_New_York.html,130 e 57th st,new york city,ny,USA,10022,-1,-1,49,4.255319149,3.617021277,3.659574468,4.531914894,3.574468085,0,3.927659574
usa_new york city_renaissance_new_york_hotel_times_square,renaissance new york hotel times square,http://www.tripadvisor.com/ShowUserReviews-g60763-d93534-r50447686-Renaissance_New_York_Hotel_Times_Square-New_York_City_New_York.html,two times square,new york city,ny,USA,10036,-1,-1,350,4.510638298,4.420212766,4.255319149,4.845744681,3.95212766,0,4.396808511
usa_new york city_residence_inn_by_marriott_times_square_new_york,residence inn by marriott times square new york,http://www.tripadvisor.com/ShowUserReviews-g60763-d578305-r50422345-Residence_Inn_by_Marriott_Times_Square_New_York-New_York_City_New_York.html,1033 avenue of the americas,new york city,ny,USA,10018,-1,-1,388,4.642140468,4.525083612,4.381270903,4.725752508,4.397993311,0,4.534448161
usa_new york city_ritz_carlton_battery_park,ritz carlton battery park,http://www.tripadvisor.com/ShowUserReviews-g60763-d222959-r50511870-Ritz_Carlton_Battery_Park-New_York_City_New_York.html,2 west street,new york city,ny,USA,10004,-1,-1,258,4.525925926,4.288888889,4.318518519,4.103703704,3.896296296,0,4.226666667
usa_new york city_rockefeller_center_hotel,rockefeller center hotel,http://www.tripadvisor.com/ShowUserReviews-g60763-d617306-r45500141-Rockefeller_Center_Hotel-New_York_City_New_York.html,25 west 51st st.,new york city,ny,USA,10019,-1,-1,74,4.290322581,4.016129032,3.85483871,4.806451613,4.112903226,0,4.216129032
usa_new york city_roger_smith_hotel,roger smith hotel,http://www.tripadvisor.com/ShowUserReviews-g60763-d80107-r50372763-Roger_Smith_Hotel-New_York_City_New_York.html,501 lexington avenue,new york city,ny,USA,10017,-1,-1,174,3.985294118,3.75,4.102941176,4.433823529,3.941176471,0,4.042647059
usa_new york city_roger_williams_hotel,roger williams hotel,http://www.tripadvisor.com/ShowUserReviews-g60763-d80110-r50499625-Roger_Williams_Hotel-New_York_City_New_York.html,131 madison avenue,new york city,ny,USA,10016,-1,-1,267,4.549668874,3.940397351,4.38410596,4.357615894,3.834437086,0,4.213245033
usa_new york city_room_mate_grace,room mate grace,http://www.tripadvisor.com/ShowUserReviews-g60763-d518280-r50500260-Room_Mate_Grace-New_York_City_New_York.html,125 west 45 street,new york city,ny,USA,10036,-1,-1,472,4.411960133,3.973421927,4.109634551,4.694352159,4.073089701,0,4.252491694
usa_new york city_royalton_hotel_new_york_city,royalton hotel new york city,http://www.tripadvisor.com/ShowUserReviews-g60763-d93610-r50519955-Royalton_Hotel_New_York_City-New_York_City_New_York.html,44 west 44th street,new york city,ny,USA,10036,-1,-1,151,4.610294118,4.191176471,4.154411765,4.683823529,3.852941176,0,4.298529412
usa_new york city_salisbury_hotel,salisbury hotel,http://www.tripadvisor.com/ShowUserReviews-g60763-d93346-r50574508-Salisbury_Hotel-New_York_City_New_York.html,123 west 57th street,new york city,ny,USA,10019,-1,-1,329,4.322259136,4.046511628,4.043189369,4.803986711,4.352159468,0,4.313621262
usa_new york city_san_carlos_hotel,san carlos hotel,http://www.tripadvisor.com/ShowUserReviews-g60763-d80112-r50459388-San_Carlos_Hotel-New_York_City_New_York.html,150 east 50th street,new york city,ny,USA,10022,-1,-1,235,4.6,4.45,4.592857143,4.578571429,4.3,0,4.504285714
usa_new york city_seafarers_international_house,seafarers international house,http://www.tripadvisor.com/ShowUserReviews-g60763-d609602-r49768540-Seafarers_International_House-New_York_City_New_York.html,123 e. 15th st.,new york city,ny,USA,10003,-1,-1,30,3.473684211,3.473684211,3.578947368,4.684210526,4.315789474,0,3.905263158
usa_new york city_sheraton_new_york_hotel_towers,sheraton new york hotel towers,http://www.tripadvisor.com/ShowUserReviews-g60763-d93555-r50428007-Sheraton_New_York_Hotel_Towers-New_York_City_New_York.html,811 7th avenue on 53rd street,new york city,ny,USA,10019,-1,-1,320,3.627906977,3.348837209,3.737541528,4.727574751,3.57807309,0,3.803986711
usa_new york city_skyline_hotel,skyline hotel,http://www.tripadvisor.com/ShowUserReviews-g60763-d93345-r50456280-Skyline_Hotel-New_York_City_New_York.html,725 10th avenue,new york city,ny,USA,10019,-1,-1,371,3.928571429,3.791208791,3.461538462,3.928571429,3.730769231,0,3.768131868
usa_new york city_smyth_hotel_a_thompson_hotel,smyth hotel a thompson hotel,http://www.tripadvisor.com/ShowUserReviews-g60763-d1371825-r50522160-Smyth_Hotel_A_Thompson_Hotel-New_York_City_New_York.html,85 west broadway,new york city,ny,USA,10007,-1,-1,57,4.796296296,4.5,4.537037037,4.685185185,4.462962963,0,4.596296296
usa_new york city_sofitel_new_york,sofitel new york,http://www.tripadvisor.com/ShowUserReviews-g60763-d208454-r50524839-Sofitel_New_York-New_York_City_New_York.html,45 west 44th street,new york city,ny,USA,10036,-1,-1,328,4.764119601,4.607973422,4.544850498,4.84717608,4.265780731,0,4.605980066
usa_new york city_soho_grand_hotel,soho grand hotel,http://www.tripadvisor.com/ShowUserReviews-g60763-d93561-r50146928-Soho_Grand_Hotel-New_York_City_New_York.html,310 west broadway,new york city,ny,USA,10013,-1,-1,412,3.870967742,3.309677419,3.541935484,4.406451613,3.025806452,0,3.630967742
usa_new york city_soho_house_new_york,soho house new york,http://www.tripadvisor.com/ShowUserReviews-g60763-d313862-r49833095-Soho_House_New_York-New_York_City_New_York.html,29-35 9th avenue,new york city,ny,USA,10014,-1,-1,39,4.608695652,4.565217391,4.086956522,4.565217391,3.956521739,0,4.356521739
usa_new york city_stay,stay,http://www.tripadvisor.com/ShowUserReviews-g60763-d93376-r50302259-Stay-New_York_City_New_York.html,157 west 47 street,new york city,ny,USA,10036,-1,-1,138,3.92248062,3.023255814,3.310077519,4.658914729,3.356589147,0,3.654263566
usa_new york city_the_alex_hotel,the alex hotel,http://www.tripadvisor.com/ShowUserReviews-g60763-d281697-r49862975-The_Alex_Hotel-New_York_City_New_York.html,205 east 45th street,new york city,ny,USA,10017,-1,-1,231,4.393442623,4.081967213,4.155737705,4.114754098,3.87704918,0,4.124590164
usa_new york city_the_belvedere,the belvedere,http://www.tripadvisor.com/ShowUserReviews-g60763-d93569-r50461730-The_Belvedere-New_York_City_New_York.html,319 west 48th street,new york city,ny,USA,10036,-1,-1,348,4.342192691,3.926910299,4.073089701,4.65448505,4.07641196,0,4.21461794
usa_new york city_the_benjamin,the benjamin,http://www.tripadvisor.com/ShowUserReviews-g60763-d217626-r50531847-The_Benjamin-New_York_City_New_York.html,125 east 50th street,new york city,ny,USA,10022,-1,-1,402,4.502347418,4.23943662,4.319248826,4.558685446,3.971830986,0,4.318309859
usa_new york city_the_blakely_new_york,the blakely new york,http://www.tripadvisor.com/ShowUserReviews-g60763-d93445-r49922324-The_Blakely_New_York-New_York_City_New_York.html,136 west 55th street,new york city,ny,USA,10019,-1,-1,238,4.684931507,4.5,4.404109589,4.794520548,4.328767123,0,4.542465753
usa_new york city_the_bowery_hotel,the bowery hotel,http://www.tripadvisor.com/ShowUserReviews-g60763-d634696-r49918523-The_Bowery_Hotel-New_York_City_New_York.html,335 bowery,new york city,ny,USA,10003,-1,-1,101,4.804597701,4.781609195,4.666666667,4.632183908,4.287356322,0,4.634482759
usa_new york city_the_bryant_park,the bryant park,http://www.tripadvisor.com/ShowUserReviews-g60763-d224214-r50426969-The_Bryant_Park-New_York_City_New_York.html,40 west 40th street,new york city,ny,USA,10018,-1,-1,332,4.731601732,4.484848485,4.406926407,4.800865801,4.069264069,0,4.498701299
usa_new york city_the_carlton,the carlton,http://www.tripadvisor.com/ShowUserReviews-g60763-d93571-r50520406-The_Carlton-New_York_City_New_York.html,88 madison avenue,new york city,ny,USA,10016,-1,-1,374,4.262569832,3.815642458,3.815642458,4.223463687,3.715083799,0,3.966480447
usa_new york city_the_carlyle_a_rosewood_hotel,the carlyle a rosewood hotel,http://www.tripadvisor.com/ShowUserReviews-g60763-d93419-r49521889-The_Carlyle_A_Rosewood_Hotel-New_York_City_New_York.html,35 east 76th street,new york city,ny,USA,10021,-1,-1,75,4.341463415,3.731707317,4.048780488,4.268292683,3.365853659,0,3.951219512
usa_new york city_the_franklin,the franklin,http://www.tripadvisor.com/ShowUserReviews-g60763-d93575-r46582870-The_Franklin-New_York_City_New_York.html,164 e 87th st,new york city,ny,USA,10128,-1,-1,74,4.710526316,3.789473684,4.473684211,4.052631579,4,0,4.205263158
usa_new york city_the_french_quarters_guest_apartments,the french quarters guest apartments,http://www.tripadvisor.com/ShowUserReviews-g60763-d1415127-r50408624-The_French_Quarters_Guest_Apartments-New_York_City_New_York.html,346 w. 46th street,new york city,ny,USA,10036,-1,-1,33,4.896551724,4.724137931,4.689655172,4.793103448,4.655172414,0,4.751724138
usa_new york city_the_gem_hotel_chelsea,the gem hotel chelsea,http://www.tripadvisor.com/ShowUserReviews-g60763-d1177864-r50123287-The_GEM_Hotel_Chelsea-New_York_City_New_York.html,300 w 22nd st,new york city,ny,USA,10011,-1,-1,42,4.421052632,3.5,4.026315789,4.473684211,4.184210526,0,4.121052632
usa_new york city_the_gem_hotel_midtown_west,the gem hotel midtown west,http://www.tripadvisor.com/ShowUserReviews-g60763-d1217376-r50422421-The_GEM_Hotel_Midtown_West-New_York_City_New_York.html,449 w. 36th street,new york city,ny,USA,10018,-1,-1,65,4.137931034,3.913793103,3.775862069,3.620689655,3.844827586,0,3.85862069
usa_new york city_the_gem_hotel_soho,the gem hotel soho,http://www.tripadvisor.com/ShowUserReviews-g60763-d247814-r49296792-The_GEM_Hotel_SoHo-New_York_City_New_York.html,135 east houston street,new york city,ny,USA,10002,-1,-1,38,4.636363636,3.939393939,4.333333333,4.818181818,4.333333333,0,4.412121212
usa_new york city_the_grant_hotel,the grant hotel,http://www.tripadvisor.com/ShowUserReviews-g60763-d616735-r39911330-The_Grant_Hotel-New_York_City_New_York.html,306 w 94th st,new york city,ny,USA,10025,-1,-1,40,3.173913043,3.043478261,3.217391304,3.47826087,3.47826087,0,3.27826087
usa_new york city_the_hampton_inn_times_square_north,the hampton inn times square north,http://www.tripadvisor.com/ShowUserReviews-g60763-d93457-r50108480-The_Hampton_Inn_Times_Square_North-New_York_City_New_York.html,851 eighth avenue @ 51st street,new york city,ny,USA,10019,-1,-1,332,4.588039867,4.435215947,4.568106312,4.787375415,4.441860465,0,4.564119601
usa_new york city_the_helmsley_carlton_house,the helmsley carlton house,http://www.tripadvisor.com/ShowUserReviews-g60763-d93633-r17244803-The_Helmsley_Carlton_House-New_York_City_New_York.html,680 madison ave.,new york city,ny,USA,10021,-1,-1,7,4,3.666666667,4,4.666666667,4,0,4.066666667
usa_new york city_the_helmsley_park_lane,the helmsley park lane,http://www.tripadvisor.com/ShowUserReviews-g60763-d93579-r50490201-The_Helmsley_Park_Lane-New_York_City_New_York.html,36 central park south,new york city,ny,USA,10019-1600,-1,-1,279,3.725,3.38125,3.63125,4.83125,3.43125,0,3.8
usa_new york city_the_herald_square_hotel,the herald square hotel,http://www.tripadvisor.com/ShowUserReviews-g60763-d93452-r50316445-The_Herald_Square_Hotel-New_York_City_New_York.html,19 west 31st street,new york city,ny,USA,10001,-1,-1,375,4.281512605,3.915966387,3.768907563,4.537815126,4.163865546,0,4.133613445
usa_new york city_the_hotel_91,the hotel 91,http://www.tripadvisor.com/ShowUserReviews-g60763-d1048678-r49597455-The_Hotel_91-New_York_City_New_York.html,91 e broadway,new york city,ny,USA,10002,-1,-1,65,4.355932203,3.644067797,3.796610169,3.254237288,4,0,3.810169492
usa_new york city_the_hotel_at_times_square,the hotel at times square,http://www.tripadvisor.com/ShowUserReviews-g60763-d249711-r50469234-The_Hotel_at_Times_Square-New_York_City_New_York.html,59 west 46th street,new york city,ny,USA,10036,-1,-1,204,4.473404255,4.159574468,3.994680851,4.808510638,4.39893617,0,4.367021277
usa_new york city_the_inn_at_irving_place,the inn at irving place,http://www.tripadvisor.com/ShowUserReviews-g60763-d93581-r24609720-The_Inn_at_Irving_Place-New_York_City_New_York.html,56 irving place,new york city,ny,USA,10003,-1,-1,21,4.375,4.25,4.375,4.75,3.5,0,4.25
usa_new york city_the_iroquois,the iroquois,http://www.tripadvisor.com/ShowUserReviews-g60763-d93396-r49892877-The_Iroquois-New_York_City_New_York.html,49 w 44th st,new york city,ny,USA,10036,-1,-1,364,4.629213483,4.254681648,4.393258427,4.745318352,4.134831461,0,4.431460674
usa_new york city_the_jane,the jane,http://www.tripadvisor.com/ShowUserReviews-g60763-d1181739-r50534507-The_Jane-New_York_City_New_York.html,113 jane street,new york city,ny,USA,-1,-1,-1,51,3.777777778,3.311111111,3.955555556,4.311111111,4.066666667,0,3.884444444
usa_new york city_the_kimberly_hotel,the kimberly hotel,http://www.tripadvisor.com/ShowUserReviews-g60763-d93335-r50291856-The_Kimberly_Hotel-New_York_City_New_York.html,145 east 50th street,new york city,ny,USA,10022,-1,-1,220,4.361111111,4.25,4.425925926,4.703703704,4.277777778,0,4.403703704
usa_new york city_the_lombardy,the lombardy,http://www.tripadvisor.com/ShowUserReviews-g60763-d93583-r47186872-The_Lombardy-New_York_City_New_York.html,111 east 56th street,new york city,ny,USA,10022,-1,-1,19,4.166666667,4,3.333333333,4.416666667,3.75,0,3.933333333
usa_new york city_the_london_nyc,the london nyc,http://www.tripadvisor.com/ShowUserReviews-g60763-d630409-r50172403-The_London_NYC-New_York_City_New_York.html,151 west 54th street,new york city,ny,USA,10019,-1,-1,282,4.573770492,4.467213115,4.118852459,4.663934426,4.004098361,0,4.36557377
usa_new york city_the_lucerne_hotel,the lucerne hotel,http://www.tripadvisor.com/ShowUserReviews-g60763-d99281-r50431311-The_Lucerne_Hotel-New_York_City_New_York.html,201 west 79th street,new york city,ny,USA,10024,-1,-1,347,4.6,4.288235294,4.441176471,4.641176471,4.211764706,0,4.436470588
usa_new york city_the_manhattan_club,the manhattan club,http://www.tripadvisor.com/ShowUserReviews-g60763-d99321-r50376287-The_Manhattan_Club-New_York_City_New_York.html,200 west 56th street,new york city,ny,USA,10019,-1,-1,149,3.978021978,3.626373626,3.307692308,4.703296703,3.527472527,0,3.828571429
usa_new york city_the_mansfield,the mansfield,http://www.tripadvisor.com/ShowUserReviews-g60763-d93586-r50126299-The_Mansfield-New_York_City_New_York.html,12 west 44th street,new york city,ny,USA,10036,-1,-1,267,4.064285714,3.364285714,4.035714286,4.635714286,3.671428571,0,3.954285714
usa_new york city_the_marcel_at_gramercy,the marcel at gramercy,http://www.tripadvisor.com/ShowUserReviews-g60763-d99382-r50418902-The_Marcel_at_Gramercy-New_York_City_New_York.html,201 east 24th street,new york city,ny,USA,10011,-1,-1,304,4.063953488,3.447674419,3.604651163,4,3.476744186,0,3.718604651
usa_new york city_the_maritime_hotel,the maritime hotel,http://www.tripadvisor.com/ShowUserReviews-g60763-d273530-r47843935-The_Maritime_Hotel-New_York_City_New_York.html,363 west 16th street,new york city,ny,USA,10011,-1,-1,76,4.583333333,4.194444444,4.194444444,4.611111111,4.055555556,0,4.327777778
usa_new york city_the_mark,the mark,http://www.tripadvisor.com/ShowUserReviews-g60763-d112052-r47178562-The_Mark-New_York_City_New_York.html,25 east 77th street,new york city,ny,USA,10021,-1,-1,9,5,5,5,5,5,0,5
usa_new york city_the_marmara_manhattan_luxury_hotel_residence,the marmara manhattan luxury hotel residence,http://www.tripadvisor.com/ShowUserReviews-g60763-d121998-r48444180-The_Marmara_Manhattan_Luxury_Hotel_Residence-New_York_City_New_York.html,301 east 94th street,new york city,ny,USA,10128,-1,-1,52,4.595744681,4.425531915,4.191489362,3.638297872,4.234042553,0,4.217021277
usa_new york city_the_mave,the mave,http://www.tripadvisor.com/ShowUserReviews-g60763-d1477775-r50301742-The_MAve-New_York_City_New_York.html,62 madison ave,new york city,ny,USA,10016,-1,-1,53,4.604166667,3.75,4.479166667,4.4375,3.979166667,0,4.25
usa_new york city_the_mercer_hotel,the mercer hotel,http://www.tripadvisor.com/ShowUserReviews-g60763-d112053-r48922291-The_Mercer_Hotel-New_York_City_New_York.html,147 mercer st,new york city,ny,USA,10012,-1,-1,84,4.846153846,4.692307692,4.730769231,4.961538462,4.134615385,0,4.673076923
usa_new york city_the_michelangelo_hotel,the michelangelo hotel,http://www.tripadvisor.com/ShowUserReviews-g60763-d93589-r50380778-The_Michelangelo_Hotel-New_York_City_New_York.html,152 west 51st street,new york city,ny,USA,10019,-1,-1,455,4.663900415,4.580912863,4.468879668,4.842323651,4.298755187,0,4.570954357
usa_new york city_the_milburn_hotel,the milburn hotel,http://www.tripadvisor.com/ShowUserReviews-g60763-d121987-r50411720-The_Milburn_Hotel-New_York_City_New_York.html,242 west 76th street,new york city,ny,USA,10023,-1,-1,198,3.918367347,3.826530612,3.948979592,4.612244898,4.285714286,0,4.118367347
usa_new york city_the_muse_hotel_new_york_a_kimpton_hotel,the muse hotel new york a kimpton hotel,http://www.tripadvisor.com/ShowUserReviews-g60763-d217616-r50260040-The_Muse_Hotel_New_York_a_Kimpton_Hotel-New_York_City_New_York.html,130 west 46th street,new york city,ny,USA,10036,-1,-1,431,4.445945946,4.373873874,4.315315315,4.711711712,3.968468468,0,4.363063063
usa_new york city_the_new_york_helmsley,the new york helmsley,http://www.tripadvisor.com/ShowUserReviews-g60763-d93593-r50442196-The_New_York_Helmsley-New_York_City_New_York.html,212 e 42nd st,new york city,ny,USA,10017,-1,-1,350,4.235880399,4.026578073,4.07641196,4.584717608,4.013289037,0,4.187375415
usa_new york city_the_new_yorker_hotel,the new yorker hotel,http://www.tripadvisor.com/ShowUserReviews-g60763-d122005-r50476732-The_New_Yorker_Hotel-New_York_City_New_York.html,481 eighth ave,new york city,ny,USA,10001,-1,-1,340,4.299003322,3.740863787,3.877076412,4.681063123,3.96345515,0,4.112292359
usa_new york city_the_pierre,the pierre,http://www.tripadvisor.com/ShowUserReviews-g60763-d93603-r49509130-The_Pierre-New_York_City_New_York.html,fifth avenue at 61st street,new york city,ny,USA,10021,-1,-1,64,4.709677419,4.258064516,4.387096774,4.838709677,3.903225806,0,4.419354839
usa_new york city_the_plaza,the plaza,http://www.tripadvisor.com/ShowUserReviews-g60763-d675616-r50276192-The_Plaza-New_York_City_New_York.html,5th ave at 59th street,new york city,ny,USA,10019,-1,-1,77,4.442857143,4.142857143,4.085714286,4.785714286,3.385714286,0,4.168571429
usa_new york city_the_pod_hotel,the pod hotel,http://www.tripadvisor.com/ShowUserReviews-g60763-d93358-r50527446-The_Pod_Hotel-New_York_City_New_York.html,230 e 51st st,new york city,ny,USA,10022,-1,-1,331,4.42192691,3.787375415,3.860465116,4.491694352,4.136212625,0,4.139534884
usa_new york city_the_premier,the premier,http://www.tripadvisor.com/ShowUserReviews-g60763-d249656-r44343302-The_Premier-New_York_City_New_York.html,133 w 44th st,new york city,ny,USA,10036,-1,-1,13,4.625,4.625,4.5,4.25,4.5,0,4.5
usa_new york city_the_ritz_carlton_new_york_central_park,the ritz carlton new york central park,http://www.tripadvisor.com/ShowUserReviews-g60763-d224224-r50305079-The_Ritz_Carlton_New_York_Central_Park-New_York_City_New_York.html,50 central park south,new york city,ny,USA,10019,-1,-1,152,4.829268293,4.682926829,4.597560976,4.914634146,4.146341463,0,4.634146341
usa_new york city_the_roosevelt_hotel,the roosevelt hotel,http://www.tripadvisor.com/ShowUserReviews-g60763-d99766-r50483186-The_Roosevelt_Hotel-New_York_City_New_York.html,madison ave at 45th st,new york city,ny,USA,10017,-1,-1,347,3.634551495,3.222591362,3.279069767,4.641196013,3.508305648,0,3.657142857
usa_new york city_the_sherry_netherland_hotel,the sherry netherland hotel,http://www.tripadvisor.com/ShowUserReviews-g60763-d93559-r49575322-The_Sherry_Netherland_Hotel-New_York_City_New_York.html,781 fifth avenue,new york city,ny,USA,10022,-1,-1,24,4.727272727,4.727272727,4.454545455,4.909090909,4.454545455,0,4.654545455
usa_new york city_the_shoreham,the shoreham,http://www.tripadvisor.com/ShowUserReviews-g60763-d93612-r50232592-The_Shoreham-New_York_City_New_York.html,33 west 55th street,new york city,ny,USA,10019,-1,-1,210,4.118644068,3.627118644,3.533898305,4.466101695,3.576271186,0,3.86440678
usa_new york city_the_st_regis_hotel_new_york,the st regis hotel new york,http://www.tripadvisor.com/ShowUserReviews-g60763-d93614-r49474759-The_St_Regis_Hotel_New_York-New_York_City_New_York.html,two east 55th street  at fifth avenue,new york city,ny,USA,10022,-1,-1,121,4.753424658,4.643835616,4.616438356,4.849315068,3.931506849,0,4.55890411
usa_new york city_the_standard_new_york,the standard new york,http://www.tripadvisor.com/ShowUserReviews-g60763-d1218720-r50453123-The_Standard_New_York-New_York_City_New_York.html,848 washington street,new york city,ny,USA,10014,-1,-1,99,4.544444444,4.144444444,4.133333333,4.733333333,4.088888889,0,4.328888889
usa_new york city_the_surrey,the surrey,http://www.tripadvisor.com/ShowUserReviews-g60763-d93566-r50524037-The_Surrey-New_York_City_New_York.html,20 e. 76th street,new york city,ny,USA,10021,-1,-1,48,3.878787879,3.727272727,4.060606061,4.636363636,3.818181818,0,4.024242424
usa_new york city_the_sylvan_guest_house,the sylvan guest house,http://www.tripadvisor.com/ShowUserReviews-g60763-d1217245-r45716288-The_Sylvan_Guest_House-New_York_City_New_York.html,12 sylvan terrace,new york city,ny,USA,10032,-1,-1,11,4.3,4,3.9,4,4.2,0,4.08
usa_new york city_the_time,the time,http://www.tripadvisor.com/ShowUserReviews-g60763-d112062-r49875540-The_Time-New_York_City_New_York.html,224 west 49th street,new york city,ny,USA,10019,-1,-1,389,3.766666667,3.419047619,3.519047619,4.59047619,3.533333333,0,3.765714286
usa_new york city_the_waldorf_astoria,the waldorf astoria,http://www.tripadvisor.com/ShowUserReviews-g60763-d93618-r50428809-The_Waldorf_Astoria-New_York_City_New_York.html,301 park avenue,new york city,ny,USA,10022,-1,-1,345,4.169435216,3.710963455,4.046511628,4.598006645,3.534883721,0,4.011960133
usa_new york city_the_westin_new_york_at_times_square,the westin new york at times square,http://www.tripadvisor.com/ShowUserReviews-g60763-d249712-r50547574-The_Westin_New_York_at_Times_Square-New_York_City_New_York.html,270 west 43rd street,new york city,ny,USA,10036,-1,-1,337,4.315614618,4.146179402,3.913621262,4.607973422,3.724252492,0,4.141528239
usa_new york city_thirty_thirty_hotel,thirty thirty hotel,http://www.tripadvisor.com/ShowUserReviews-g60763-d125274-r50136065-Thirty_Thirty_Hotel-New_York_City_New_York.html,30 east 30th street,new york city,ny,USA,10016,-1,-1,362,3.53820598,3.07641196,3.182724252,4.189368771,3.355481728,0,3.468438538
usa_new york city_thompson_les,thompson les,http://www.tripadvisor.com/ShowUserReviews-g60763-d1128769-r49083801-Thompson_LES-New_York_City_New_York.html,190 allen street,new york city,ny,USA,10002,-1,-1,88,4.297619048,3.976190476,3.80952381,4.297619048,3.880952381,0,4.052380952
usa_new york city_travel_inn_hotel_new_york,travel inn hotel new york,http://www.tripadvisor.com/ShowUserReviews-g60763-d93622-r50151435-Travel_Inn_Hotel_New_York-New_York_City_New_York.html,515 w 42nd st,new york city,ny,USA,10036,-1,-1,394,3.957219251,3.593582888,3.454545455,4.240641711,3.994652406,0,3.848128342
usa_new york city_tribeca_grand_hotel,tribeca grand hotel,http://www.tripadvisor.com/ShowUserReviews-g60763-d208455-r50232318-Tribeca_Grand_Hotel-New_York_City_New_York.html,2 avenue of the americas,new york city,ny,USA,10013,-1,-1,236,4.28030303,4.037878788,4.196969697,4.378787879,3.681818182,0,4.115151515
usa_new york city_trump_international_hotel_and_tower,trump international hotel and tower,http://www.tripadvisor.com/ShowUserReviews-g60763-d93623-r50036446-Trump_International_Hotel_and_Tower-New_York_City_New_York.html,1 central park west,new york city,ny,USA,10023,-1,-1,146,4.792682927,4.317073171,4.573170732,4.792682927,3.93902439,0,4.482926829
usa_new york city_tudor_hotel_at_the_united_nations,tudor hotel at the united nations,http://www.tripadvisor.com/ShowUserReviews-g60763-d93339-r50052812-Tudor_Hotel_at_the_United_Nations-New_York_City_New_York.html,304 e 42nd st,new york city,ny,USA,10017,-1,-1,272,3.851190476,3.547619048,3.601190476,4.083333333,3.732142857,0,3.763095238
usa_new york city_vincci_avalon,vincci avalon,http://www.tripadvisor.com/ShowUserReviews-g60763-d99387-r49843720-Vincci_Avalon-New_York_City_New_York.html,16 east 32nd street,new york city,ny,USA,10016,-1,-1,426,4.023255814,3.813953488,3.604651163,4.401162791,3.662790698,0,3.901162791
usa_new york city_w_new_york_the_court,w new york the court,http://www.tripadvisor.com/ShowUserReviews-g60763-d194238-r50453322-W_New_York_The_Court-New_York_City_New_York.html,130 east 39th street,new york city,ny,USA,10016,-1,-1,168,3.738738739,3.558558559,3.585585586,4.054054054,3.414414414,0,3.67027027
usa_new york city_w_new_york_the_tuscany,w new york the tuscany,http://www.tripadvisor.com/ShowUserReviews-g60763-d93431-r49376874-W_New_York_The_Tuscany-New_York_City_New_York.html,120 east 39th street,new york city,ny,USA,10016,-1,-1,127,4.014285714,3.971428571,3.971428571,4.342857143,3.628571429,0,3.985714286
usa_new york city_w_new_york_times_square,w new york times square,http://www.tripadvisor.com/ShowUserReviews-g60763-d235238-r50580717-W_New_York_Times_Square-New_York_City_New_York.html,1567 broadway at 47th st,new york city,ny,USA,10036,-1,-1,454,4.062271062,3.776556777,3.875457875,4.604395604,3.402930403,0,3.944322344
usa_new york city_w_new_york_union_square,w new york union square,http://www.tripadvisor.com/ShowUserReviews-g60763-d220243-r49855160-W_New_York_Union_Square-New_York_City_New_York.html,201 park avenue south,new york city,ny,USA,10003,-1,-1,166,4.075471698,3.877358491,3.924528302,4.471698113,3.273584906,0,3.924528302
usa_new york city_waldorf_towers,waldorf towers,http://www.tripadvisor.com/ShowUserReviews-g60763-d93624-r49078430-Waldorf_Towers-New_York_City_New_York.html,100 east 50th street,new york city,ny,USA,10022,-1,-1,70,4.470588235,4.392156863,4.215686275,4.647058824,3.882352941,0,4.321568627
usa_new york city_wall_street_inn,wall street inn,http://www.tripadvisor.com/ShowUserReviews-g60763-d251906-r50416097-Wall_Street_Inn-New_York_City_New_York.html,9 south william street,new york city,ny,USA,10004,-1,-1,59,4.594594595,4.378378378,3.459459459,3.783783784,4,0,4.043243243
usa_new york city_warwick_new_york_hotel,warwick new york hotel,http://www.tripadvisor.com/ShowUserReviews-g60763-d112064-r50064238-Warwick_New_York_Hotel-New_York_City_New_York.html,65 west 54th street,new york city,ny,USA,10019,-1,-1,390,4.28125,4.046875,4.0625,4.755208333,3.958333333,0,4.220833333
usa_new york city_washington_jefferson_hotel,washington jefferson hotel,http://www.tripadvisor.com/ShowUserReviews-g60763-d99333-r50232868-Washington_Jefferson_Hotel-New_York_City_New_York.html,318 west 51st street,new york city,ny,USA,10019,-1,-1,254,4.188405797,3.217391304,3.826086957,4.52173913,3.666666667,0,3.884057971
usa_new york city_washington_square_hotel,washington square hotel,http://www.tripadvisor.com/ShowUserReviews-g60763-d93382-r50415738-Washington_Square_Hotel-New_York_City_New_York.html,103 waverly place,new york city,ny,USA,10011,-1,-1,231,4.070422535,3.591549296,3.845070423,4.633802817,3.873239437,0,4.002816901
usa_new york city_wellington_hotel,wellington hotel,http://www.tripadvisor.com/ShowUserReviews-g60763-d99307-r50552481-Wellington_Hotel-New_York_City_New_York.html,871 7th ave at w 55th st,new york city,ny,USA,10019-3830,-1,-1,341,3.65448505,3.109634551,3.651162791,4.77076412,3.784053156,0,3.794019934
usa_new york city_west_57th_street_by_hilton_club,west 57th street by hilton club,http://www.tripadvisor.com/ShowUserReviews-g60763-d1308397-r49306829-West_57th_Street_by_Hilton_Club-New_York_City_New_York.html,102 west 57th street,new york city,ny,USA,10019,-1,-1,18,4.875,4.3125,3.8125,4.875,3.5,0,4.275
usa_new york city_wingate_by_wyndham_manhattan_midtown,wingate by wyndham manhattan midtown,http://www.tripadvisor.com/ShowUserReviews-g60763-d620040-r50156757-Wingate_by_Wyndham_Manhattan_Midtown-New_York_City_New_York.html,235 west 35th street,new york city,ny,USA,10001,-1,-1,263,4.556521739,4.343478261,4.130434783,4.360869565,4.160869565,0,4.310434783
usa_new york city_wolcott_hotel,wolcott hotel,http://www.tripadvisor.com/ShowUserReviews-g60763-d93333-r50365844-Wolcott_Hotel-New_York_City_New_York.html,4 west 31st street,new york city,ny,USA,10001,-1,-1,342,3.729064039,3.408866995,3.472906404,4.512315271,3.862068966,0,3.797044335
usa_new york city_woogo_central_park,woogo central park,http://www.tripadvisor.com/ShowUserReviews-g60763-d307945-r50115715-Woogo_Central_Park-New_York_City_New_York.html,240 west 73rd street,new york city,ny,USA,10023,-1,-1,163,2.965517241,3.137931034,2.620689655,4.24137931,3.344827586,0,3.262068966
usa_new york city_wyndham_garden_hotel_times_square_south,wyndham garden hotel times square south,http://www.tripadvisor.com/ShowUserReviews-g60763-d1149404-r50178007-Wyndham_Garden_Hotel_Times_Square_South-New_York_City_New_York.html,341 w 36th street,new york city,ny,USA,10018,-1,-1,237,4.77027027,4.153153153,4.463963964,4.207207207,4.527027027,0,4.424324324
